N = 2^k,Numerical x(1),Error |x(1) - e|
10,2.716955729466e+00,1.326098992609e-03
11,2.717618482337e+00,6.633461221655e-04
12,2.717950081190e+00,3.317472693785e-04
13,2.718115936266e+00,1.658921932575e-04
14,2.718198877722e+00,8.295073709608e-05
15,2.718240351930e+00,4.147652877551e-05
16,2.718261089905e+00,2.073855439955e-05
17,2.718271459109e+00,1.036934980814e-05
18,2.718276643766e+00,5.184693034010e-06
19,2.718279236108e+00,2.592351159514e-06
20,2.718280532282e+00,1.296176632248e-06
