N = 2^k,Numerical x(1),Error |x(1) - e|
10,2.718281828459e+00,1.953992523340e-14
11,2.718281828459e+00,3.552713678801e-15
12,2.718281828459e+00,8.437694987151e-15
13,2.718281828459e+00,2.131628207280e-14
14,2.718281828459e+00,2.220446049250e-15
15,2.718281828459e+00,1.509903313490e-14
16,2.718281828459e+00,5.462297281156e-14
17,2.718281828459e+00,5.595524044111e-14
18,2.718281828459e+00,2.886579864025e-14
19,2.718281828459e+00,1.332267629550e-13
20,2.718281828459e+00,1.167954621906e-13
